id,kind,runtime_path,source_path,methods,actor_boundary,guard_or_trigger,side_effect_class,truth_status,proof_tier,notes
ROUTE-001,PAGE,/admin/command-center,src/app/(app)/admin/command-center/page.tsx,GET/render,operator,authenticated app layout plus route logic,render/read; UI actions separately mapped,CONFIRMED,C,Path and source mapped; runtime behavior requires the UI/live matrices.
ROUTE-002,PAGE,/admin/issues,src/app/(app)/admin/issues/page.tsx,GET/render,operator,authenticated app layout plus route logic,render/read; UI actions separately mapped,CONFIRMED,C,Path and source mapped; runtime behavior requires the UI/live matrices.
ROUTE-003,PAGE,/admin/launch-monitor,src/app/(app)/admin/launch-monitor/page.tsx,GET/render,operator,authenticated app layout plus route logic,render/read; UI actions separately mapped,CONFIRMED,C,Path and source mapped; runtime behavior requires the UI/live matrices.
ROUTE-004,PAGE,/build/creatives,src/app/(app)/build/creatives/page.tsx,GET/render,authenticated,authenticated app layout plus route logic,render/read; UI actions separately mapped,CONFIRMED,C,Path and source mapped; runtime behavior requires the UI/live matrices.
ROUTE-005,PAGE,/build/funnel,src/app/(app)/build/funnel/page.tsx,GET/render,authenticated,authenticated app layout plus route logic,render/read; UI actions separately mapped,CONFIRMED,C,Path and source mapped; runtime behavior requires the UI/live matrices.
ROUTE-006,PAGE,/builder,src/app/(app)/builder/page.tsx,GET/render,authenticated,authenticated app layout plus route logic,render/read; UI actions separately mapped,CONFIRMED,C,Path and source mapped; runtime behavior requires the UI/live matrices.
ROUTE-007,PAGE,/campaign-built,src/app/(app)/campaign-built/page.tsx,GET/render,authenticated,authenticated app layout plus route logic,render/read; UI actions separately mapped,CONFIRMED,C,Path and source mapped; runtime behavior requires the UI/live matrices.
ROUTE-008,PAGE,/dashboard,src/app/(app)/dashboard/page.tsx,GET/render,authenticated,authenticated app layout plus route logic,render/read; UI actions separately mapped,CONFIRMED,C,Path and source mapped; runtime behavior requires the UI/live matrices.
ROUTE-009,PAGE,/growth-agent/approvals,src/app/(app)/growth-agent/approvals/page.tsx,GET/render,authenticated,authenticated app layout plus route logic,render/read; UI actions separately mapped,CONFIRMED,C,Path and source mapped; runtime behavior requires the UI/live matrices.
ROUTE-010,PAGE,/growth-agent/assets,src/app/(app)/growth-agent/assets/page.tsx,GET/render,authenticated,authenticated app layout plus route logic,render/read; UI actions separately mapped,CONFIRMED,C,Path and source mapped; runtime behavior requires the UI/live matrices.
ROUTE-011,PAGE,/growth-agent/calls,src/app/(app)/growth-agent/calls/page.tsx,GET/render,authenticated,authenticated app layout plus route logic,render/read; UI actions separately mapped,CONFIRMED,C,Path and source mapped; runtime behavior requires the UI/live matrices.
ROUTE-012,PAGE,/growth-agent/community,src/app/(app)/growth-agent/community/page.tsx,GET/render,authenticated,authenticated app layout plus route logic,render/read; UI actions separately mapped,CONFIRMED,C,Path and source mapped; runtime behavior requires the UI/live matrices.
ROUTE-013,PAGE,/growth-agent/compliance,src/app/(app)/growth-agent/compliance/page.tsx,GET/render,authenticated,authenticated app layout plus route logic,render/read; UI actions separately mapped,CONFIRMED,C,Path and source mapped; runtime behavior requires the UI/live matrices.
ROUTE-014,PAGE,/growth-agent/experiments,src/app/(app)/growth-agent/experiments/page.tsx,GET/render,authenticated,authenticated app layout plus route logic,render/read; UI actions separately mapped,CONFIRMED,C,Path and source mapped; runtime behavior requires the UI/live matrices.
ROUTE-015,PAGE,/growth-agent/memory,src/app/(app)/growth-agent/memory/page.tsx,GET/render,authenticated,authenticated app layout plus route logic,render/read; UI actions separately mapped,CONFIRMED,C,Path and source mapped; runtime behavior requires the UI/live matrices.
ROUTE-016,PAGE,/growth-agent/missions,src/app/(app)/growth-agent/missions/page.tsx,GET/render,authenticated,authenticated app layout plus route logic,render/read; UI actions separately mapped,CONFIRMED,C,Path and source mapped; runtime behavior requires the UI/live matrices.
ROUTE-017,PAGE,/growth-agent/outbound,src/app/(app)/growth-agent/outbound/page.tsx,GET/render,authenticated,authenticated app layout plus route logic,render/read; UI actions separately mapped,CONFIRMED,C,Path and source mapped; runtime behavior requires the UI/live matrices.
ROUTE-018,PAGE,/growth-agent,src/app/(app)/growth-agent/page.tsx,GET/render,authenticated,authenticated app layout plus route logic,render/read; UI actions separately mapped,CONFIRMED,C,Path and source mapped; runtime behavior requires the UI/live matrices.
ROUTE-019,PAGE,/growth-agent/replies,src/app/(app)/growth-agent/replies/page.tsx,GET/render,authenticated,authenticated app layout plus route logic,render/read; UI actions separately mapped,CONFIRMED,C,Path and source mapped; runtime behavior requires the UI/live matrices.
ROUTE-020,PAGE,/growth-agent/reports,src/app/(app)/growth-agent/reports/page.tsx,GET/render,authenticated,authenticated app layout plus route logic,render/read; UI actions separately mapped,CONFIRMED,C,Path and source mapped; runtime behavior requires the UI/live matrices.
ROUTE-021,PAGE,/growth-agent/research,src/app/(app)/growth-agent/research/page.tsx,GET/render,authenticated,authenticated app layout plus route logic,render/read; UI actions separately mapped,CONFIRMED,C,Path and source mapped; runtime behavior requires the UI/live matrices.
ROUTE-022,PAGE,/growth-agent/setters,src/app/(app)/growth-agent/setters/page.tsx,GET/render,authenticated,authenticated app layout plus route logic,render/read; UI actions separately mapped,CONFIRMED,C,Path and source mapped; runtime behavior requires the UI/live matrices.
ROUTE-023,PAGE,/growth-agent/tasks,src/app/(app)/growth-agent/tasks/page.tsx,GET/render,authenticated,authenticated app layout plus route logic,render/read; UI actions separately mapped,CONFIRMED,C,Path and source mapped; runtime behavior requires the UI/live matrices.
ROUTE-024,PAGE,/launch-success,src/app/(app)/launch-success/page.tsx,GET/render,authenticated,authenticated app layout plus route logic,render/read; UI actions separately mapped,CONFIRMED,C,Path and source mapped; runtime behavior requires the UI/live matrices.
ROUTE-025,PAGE,/launch,src/app/(app)/launch/page.tsx,GET/render,authenticated,authenticated app layout plus route logic,render/read; UI actions separately mapped,CONFIRMED,C,Path and source mapped; runtime behavior requires the UI/live matrices.
ROUTE-026,PAGE,/launching,src/app/(app)/launching/page.tsx,GET/render,authenticated,authenticated app layout plus route logic,render/read; UI actions separately mapped,CONFIRMED,C,Path and source mapped; runtime behavior requires the UI/live matrices.
ROUTE-027,PAGE,/onboarding,src/app/(app)/onboarding/page.tsx,GET/render,authenticated,authenticated app layout plus route logic,render/read; UI actions separately mapped,CONFIRMED,C,Path and source mapped; runtime behavior requires the UI/live matrices.
ROUTE-028,PAGE,/paywall,src/app/(app)/paywall/page.tsx,GET/render,authenticated,authenticated app layout plus route logic,render/read; UI actions separately mapped,CONFIRMED,C,Path and source mapped; runtime behavior requires the UI/live matrices.
ROUTE-029,PAGE,/preview,src/app/(app)/preview/page.tsx,GET/render,authenticated,authenticated app layout plus route logic,render/read; UI actions separately mapped,CONFIRMED,C,Path and source mapped; runtime behavior requires the UI/live matrices.
ROUTE-030,PAGE,/sales-copilot/calls,src/app/(app)/sales-copilot/calls/page.tsx,GET/render,authenticated,authenticated app layout plus route logic,render/read; UI actions separately mapped,CONFIRMED,C,Path and source mapped; runtime behavior requires the UI/live matrices.
ROUTE-031,PAGE,/sales-copilot/evals,src/app/(app)/sales-copilot/evals/page.tsx,GET/render,authenticated,authenticated app layout plus route logic,render/read; UI actions separately mapped,CONFIRMED,C,Path and source mapped; runtime behavior requires the UI/live matrices.
ROUTE-032,PAGE,/sales-copilot/experiments,src/app/(app)/sales-copilot/experiments/page.tsx,GET/render,authenticated,authenticated app layout plus route logic,render/read; UI actions separately mapped,CONFIRMED,C,Path and source mapped; runtime behavior requires the UI/live matrices.
ROUTE-033,PAGE,/sales-copilot/memory,src/app/(app)/sales-copilot/memory/page.tsx,GET/render,authenticated,authenticated app layout plus route logic,render/read; UI actions separately mapped,CONFIRMED,C,Path and source mapped; runtime behavior requires the UI/live matrices.
ROUTE-034,PAGE,/sales-copilot/metrics,src/app/(app)/sales-copilot/metrics/page.tsx,GET/render,authenticated,authenticated app layout plus route logic,render/read; UI actions separately mapped,CONFIRMED,C,Path and source mapped; runtime behavior requires the UI/live matrices.
ROUTE-035,PAGE,/sales-copilot/objections,src/app/(app)/sales-copilot/objections/page.tsx,GET/render,authenticated,authenticated app layout plus route logic,render/read; UI actions separately mapped,CONFIRMED,C,Path and source mapped; runtime behavior requires the UI/live matrices.
ROUTE-036,PAGE,/sales-copilot,src/app/(app)/sales-copilot/page.tsx,GET/render,authenticated,authenticated app layout plus route logic,render/read; UI actions separately mapped,CONFIRMED,C,Path and source mapped; runtime behavior requires the UI/live matrices.
ROUTE-037,PAGE,/sales-copilot/playbooks,src/app/(app)/sales-copilot/playbooks/page.tsx,GET/render,authenticated,authenticated app layout plus route logic,render/read; UI actions separately mapped,CONFIRMED,C,Path and source mapped; runtime behavior requires the UI/live matrices.
ROUTE-038,PAGE,/sales-copilot/replies,src/app/(app)/sales-copilot/replies/page.tsx,GET/render,authenticated,authenticated app layout plus route logic,render/read; UI actions separately mapped,CONFIRMED,C,Path and source mapped; runtime behavior requires the UI/live matrices.
ROUTE-039,PAGE,/sales-copilot/reports,src/app/(app)/sales-copilot/reports/page.tsx,GET/render,authenticated,authenticated app layout plus route logic,render/read; UI actions separately mapped,CONFIRMED,C,Path and source mapped; runtime behavior requires the UI/live matrices.
ROUTE-040,PAGE,/sales-copilot/setters,src/app/(app)/sales-copilot/setters/page.tsx,GET/render,authenticated,authenticated app layout plus route logic,render/read; UI actions separately mapped,CONFIRMED,C,Path and source mapped; runtime behavior requires the UI/live matrices.
ROUTE-041,PAGE,/settings,src/app/(app)/settings/page.tsx,GET/render,authenticated,authenticated app layout plus route logic,render/read; UI actions separately mapped,CONFIRMED,C,Path and source mapped; runtime behavior requires the UI/live matrices.
ROUTE-042,PAGE,/unlock,src/app/(app)/unlock/page.tsx,GET/render,authenticated,authenticated app layout plus route logic,render/read; UI actions separately mapped,CONFIRMED,C,Path and source mapped; runtime behavior requires the UI/live matrices.
ROUTE-043,PAGE,/welcome,src/app/(app)/welcome/page.tsx,GET/render,authenticated,authenticated app layout plus route logic,render/read; UI actions separately mapped,CONFIRMED,C,Path and source mapped; runtime behavior requires the UI/live matrices.
ROUTE-044,PAGE,/login,src/app/(auth)/login/page.tsx,GET/render,anonymous/auth,route render,render/read; UI actions separately mapped,CONFIRMED,C,Path and source mapped; runtime behavior requires the UI/live matrices.
ROUTE-045,PAGE,/clicktoscale,src/app/clicktoscale/page.tsx,GET/render,public or contextual,route render,render/read; UI actions separately mapped,CONFIRMED,C,Path and source mapped; runtime behavior requires the UI/live matrices.
ROUTE-046,PAGE,/data-deletion,src/app/data-deletion/page.tsx,GET/render,public or contextual,route render,render/read; UI actions separately mapped,CONFIRMED,C,Path and source mapped; runtime behavior requires the UI/live matrices.
ROUTE-047,PAGE,/f/:slug,src/app/f/[slug]/page.tsx,GET/render,public or contextual,route render,render/read; UI actions separately mapped,CONFIRMED,C,Path and source mapped; runtime behavior requires the UI/live matrices.
ROUTE-048,PAGE,/f/:slug/thank-you,src/app/f/[slug]/thank-you/page.tsx,GET/render,public or contextual,route render,render/read; UI actions separately mapped,CONFIRMED,C,Path and source mapped; runtime behavior requires the UI/live matrices.
ROUTE-049,PAGE,/p/:slug/start,src/app/p/[slug]/start/page.tsx,GET/render,public or contextual,route render,render/read; UI actions separately mapped,CONFIRMED,C,Path and source mapped; runtime behavior requires the UI/live matrices.
ROUTE-050,PAGE,/,src/app/page.tsx,GET/render,public or contextual,route render,render/read; UI actions separately mapped,CONFIRMED,C,Path and source mapped; runtime behavior requires the UI/live matrices.
ROUTE-051,PAGE,/privacy,src/app/privacy/page.tsx,GET/render,public or contextual,route render,render/read; UI actions separately mapped,CONFIRMED,C,Path and source mapped; runtime behavior requires the UI/live matrices.
ROUTE-052,PAGE,/results,src/app/results/page.tsx,GET/render,public or contextual,route render,render/read; UI actions separately mapped,CONFIRMED,C,Path and source mapped; runtime behavior requires the UI/live matrices.
ROUTE-053,PAGE,/signup,src/app/signup/page.tsx,GET/render,public or contextual,route render,render/read; UI actions separately mapped,CONFIRMED,C,Path and source mapped; runtime behavior requires the UI/live matrices.
ROUTE-054,PAGE,/terms,src/app/terms/page.tsx,GET/render,public or contextual,route render,render/read; UI actions separately mapped,CONFIRMED,C,Path and source mapped; runtime behavior requires the UI/live matrices.
ROUTE-055,PAGE,/ui-direction,src/app/ui-direction/page.tsx,GET/render,public or contextual,route render,render/read; UI actions separately mapped,CONFIRMED,C,Path and source mapped; runtime behavior requires the UI/live matrices.
ROUTE-056,API_ROUTE,/api/activation/events,src/app/api/activation/events/route.ts,SOURCE_DEFINED,authenticated/contextual,route-level validation and proxy context; exact guard in source,potential external or data mutation,CONFIRMED,C,File content mapped; no mutating endpoint invoked by this audit.
ROUTE-057,API_ROUTE,/api/assets/:id,src/app/api/assets/[id]/route.ts,SOURCE_DEFINED,authenticated/contextual,route-level validation and proxy context; exact guard in source,read or contextual mutation,CONFIRMED,C,File content mapped; no mutating endpoint invoked by this audit.
ROUTE-058,API_ROUTE,/api/autonomy,src/app/api/autonomy/route.ts,SOURCE_DEFINED,authenticated/contextual,route-level validation and proxy context; exact guard in source,read or contextual mutation,CONFIRMED,C,File content mapped; no mutating endpoint invoked by this audit.
ROUTE-059,API_ROUTE,/api/autonomy/run,src/app/api/autonomy/run/route.ts,SOURCE_DEFINED,authenticated/contextual,route-level validation and proxy context; exact guard in source,potential external or data mutation,CONFIRMED,C,File content mapped; no mutating endpoint invoked by this audit.
ROUTE-060,API_ROUTE,/api/billing/cancellation-intent,src/app/api/billing/cancellation-intent/route.ts,SOURCE_DEFINED,authenticated/contextual,route-level validation and proxy context; exact guard in source,read or contextual mutation,CONFIRMED,C,File content mapped; no mutating endpoint invoked by this audit.
ROUTE-061,API_ROUTE,/api/billing/checkout,src/app/api/billing/checkout/route.ts,SOURCE_DEFINED,authenticated/contextual,route-level validation and proxy context; exact guard in source,potential external or data mutation,CONFIRMED,C,File content mapped; no mutating endpoint invoked by this audit.
ROUTE-062,API_ROUTE,/api/billing/credits/checkout,src/app/api/billing/credits/checkout/route.ts,SOURCE_DEFINED,authenticated/contextual,route-level validation and proxy context; exact guard in source,potential external or data mutation,CONFIRMED,C,File content mapped; no mutating endpoint invoked by this audit.
ROUTE-063,API_ROUTE,/api/billing/credits,src/app/api/billing/credits/route.ts,SOURCE_DEFINED,authenticated/contextual,route-level validation and proxy context; exact guard in source,read or contextual mutation,CONFIRMED,C,File content mapped; no mutating endpoint invoked by this audit.
ROUTE-064,API_ROUTE,/api/billing/portal,src/app/api/billing/portal/route.ts,SOURCE_DEFINED,authenticated/contextual,route-level validation and proxy context; exact guard in source,potential external or data mutation,CONFIRMED,C,File content mapped; no mutating endpoint invoked by this audit.
ROUTE-065,API_ROUTE,/api/billing/status,src/app/api/billing/status/route.ts,SOURCE_DEFINED,authenticated/contextual,route-level validation and proxy context; exact guard in source,read or contextual mutation,CONFIRMED,C,File content mapped; no mutating endpoint invoked by this audit.
ROUTE-066,API_ROUTE,/api/build-campaign,src/app/api/build-campaign/route.ts,SOURCE_DEFINED,authenticated/contextual,route-level validation and proxy context; exact guard in source,read or contextual mutation,CONFIRMED,C,File content mapped; no mutating endpoint invoked by this audit.
ROUTE-067,API_ROUTE,/api/builder/command,src/app/api/builder/command/route.ts,SOURCE_DEFINED,authenticated/contextual,route-level validation and proxy context; exact guard in source,read or contextual mutation,CONFIRMED,C,File content mapped; no mutating endpoint invoked by this audit.
ROUTE-068,API_ROUTE,/api/builder/copy-assistant,src/app/api/builder/copy-assistant/route.ts,SOURCE_DEFINED,authenticated/contextual,route-level validation and proxy context; exact guard in source,read or contextual mutation,CONFIRMED,C,File content mapped; no mutating endpoint invoked by this audit.
ROUTE-069,API_ROUTE,/api/builder/section-assistant,src/app/api/builder/section-assistant/route.ts,SOURCE_DEFINED,authenticated/contextual,route-level validation and proxy context; exact guard in source,read or contextual mutation,CONFIRMED,C,File content mapped; no mutating endpoint invoked by this audit.
ROUTE-070,API_ROUTE,/api/campaign/actions,src/app/api/campaign/actions/route.ts,SOURCE_DEFINED,authenticated/contextual,route-level validation and proxy context; exact guard in source,read or contextual mutation,CONFIRMED,C,File content mapped; no mutating endpoint invoked by this audit.
ROUTE-071,API_ROUTE,/api/campaign/creative-performance,src/app/api/campaign/creative-performance/route.ts,SOURCE_DEFINED,authenticated/contextual,route-level validation and proxy context; exact guard in source,read or contextual mutation,CONFIRMED,C,File content mapped; no mutating endpoint invoked by this audit.
ROUTE-072,API_ROUTE,/api/campaign/drafts,src/app/api/campaign/drafts/route.ts,SOURCE_DEFINED,authenticated/contextual,route-level validation and proxy context; exact guard in source,read or contextual mutation,CONFIRMED,C,File content mapped; no mutating endpoint invoked by this audit.
ROUTE-073,API_ROUTE,/api/campaign/launch-audit,src/app/api/campaign/launch-audit/route.ts,SOURCE_DEFINED,authenticated/contextual,route-level validation and proxy context; exact guard in source,potential external or data mutation,CONFIRMED,C,File content mapped; no mutating endpoint invoked by this audit.
ROUTE-074,API_ROUTE,/api/campaign/runtime,src/app/api/campaign/runtime/route.ts,SOURCE_DEFINED,authenticated/contextual,route-level validation and proxy context; exact guard in source,potential external or data mutation,CONFIRMED,C,File content mapped; no mutating endpoint invoked by this audit.
ROUTE-075,API_ROUTE,/api/campaigns/:id/assets,src/app/api/campaigns/[id]/assets/route.ts,SOURCE_DEFINED,authenticated/contextual,route-level validation and proxy context; exact guard in source,read or contextual mutation,CONFIRMED,C,File content mapped; no mutating endpoint invoked by this audit.
ROUTE-076,API_ROUTE,/api/campaigns/:id/build-assets,src/app/api/campaigns/[id]/build-assets/route.ts,SOURCE_DEFINED,authenticated/contextual,route-level validation and proxy context; exact guard in source,read or contextual mutation,CONFIRMED,C,File content mapped; no mutating endpoint invoked by this audit.
ROUTE-077,API_ROUTE,/api/campaigns/:id/creative-intake,src/app/api/campaigns/[id]/creative-intake/route.ts,SOURCE_DEFINED,authenticated/contextual,route-level validation and proxy context; exact guard in source,read or contextual mutation,CONFIRMED,C,File content mapped; no mutating endpoint invoked by this audit.
ROUTE-078,API_ROUTE,/api/campaigns/:id/generate-static-ads,src/app/api/campaigns/[id]/generate-static-ads/route.ts,SOURCE_DEFINED,authenticated/contextual,route-level validation and proxy context; exact guard in source,potential external or data mutation,CONFIRMED,C,File content mapped; no mutating endpoint invoked by this audit.
ROUTE-079,API_ROUTE,/api/campaigns/:id/generate-video,src/app/api/campaigns/[id]/generate-video/route.ts,SOURCE_DEFINED,authenticated/contextual,route-level validation and proxy context; exact guard in source,potential external or data mutation,CONFIRMED,C,File content mapped; no mutating endpoint invoked by this audit.
ROUTE-080,API_ROUTE,/api/campaigns/:id/launch,src/app/api/campaigns/[id]/launch/route.ts,SOURCE_DEFINED,authenticated/contextual,route-level validation and proxy context; exact guard in source,potential external or data mutation,CONFIRMED,C,File content mapped; no mutating endpoint invoked by this audit.
ROUTE-081,API_ROUTE,/api/campaigns/:id/optimize,src/app/api/campaigns/[id]/optimize/route.ts,SOURCE_DEFINED,authenticated/contextual,route-level validation and proxy context; exact guard in source,read or contextual mutation,CONFIRMED,C,File content mapped; no mutating endpoint invoked by this audit.
ROUTE-082,API_ROUTE,/api/campaigns/:id/publish,src/app/api/campaigns/[id]/publish/route.ts,SOURCE_DEFINED,authenticated/contextual,route-level validation and proxy context; exact guard in source,potential external or data mutation,CONFIRMED,C,File content mapped; no mutating endpoint invoked by this audit.
ROUTE-083,API_ROUTE,/api/campaigns/:id,src/app/api/campaigns/[id]/route.ts,SOURCE_DEFINED,authenticated/contextual,route-level validation and proxy context; exact guard in source,read or contextual mutation,CONFIRMED,C,File content mapped; no mutating endpoint invoked by this audit.
ROUTE-084,API_ROUTE,/api/campaigns/:id/select-ad,src/app/api/campaigns/[id]/select-ad/route.ts,SOURCE_DEFINED,authenticated/contextual,route-level validation and proxy context; exact guard in source,read or contextual mutation,CONFIRMED,C,File content mapped; no mutating endpoint invoked by this audit.
ROUTE-085,API_ROUTE,/api/campaigns/create,src/app/api/campaigns/create/route.ts,SOURCE_DEFINED,authenticated/contextual,route-level validation and proxy context; exact guard in source,read or contextual mutation,CONFIRMED,C,File content mapped; no mutating endpoint invoked by this audit.
ROUTE-086,API_ROUTE,/api/campaigns,src/app/api/campaigns/route.ts,SOURCE_DEFINED,authenticated/contextual,route-level validation and proxy context; exact guard in source,read or contextual mutation,CONFIRMED,C,File content mapped; no mutating endpoint invoked by this audit.
ROUTE-087,API_ROUTE,/api/client-errors,src/app/api/client-errors/route.ts,SOURCE_DEFINED,public ingress,route-level validation and proxy context; exact guard in source,read or contextual mutation,CONFIRMED,C,File content mapped; no mutating endpoint invoked by this audit.
ROUTE-088,API_ROUTE,/api/dashboard,src/app/api/dashboard/route.ts,SOURCE_DEFINED,authenticated/contextual,route-level validation and proxy context; exact guard in source,read or contextual mutation,CONFIRMED,C,File content mapped; no mutating endpoint invoked by this audit.
ROUTE-089,API_ROUTE,/api/feedback,src/app/api/feedback/route.ts,SOURCE_DEFINED,authenticated/contextual,route-level validation and proxy context; exact guard in source,potential external or data mutation,CONFIRMED,C,File content mapped; no mutating endpoint invoked by this audit.
ROUTE-090,API_ROUTE,/api/generate-creatives,src/app/api/generate-creatives/route.ts,SOURCE_DEFINED,authenticated/contextual,route-level validation and proxy context; exact guard in source,potential external or data mutation,CONFIRMED,C,File content mapped; no mutating endpoint invoked by this audit.
ROUTE-091,API_ROUTE,/api/generate-funnel,src/app/api/generate-funnel/route.ts,SOURCE_DEFINED,authenticated/contextual,route-level validation and proxy context; exact guard in source,potential external or data mutation,CONFIRMED,C,File content mapped; no mutating endpoint invoked by this audit.
ROUTE-092,API_ROUTE,/api/growth-agent/mission,src/app/api/growth-agent/mission/route.ts,SOURCE_DEFINED,authenticated/contextual,route-level validation and proxy context; exact guard in source,read or contextual mutation,CONFIRMED,C,File content mapped; no mutating endpoint invoked by this audit.
ROUTE-093,API_ROUTE,/api/integrations/meta/callback,src/app/api/integrations/meta/callback/route.ts,SOURCE_DEFINED,authenticated/contextual,route-level validation and proxy context; exact guard in source,read or contextual mutation,CONFIRMED,C,File content mapped; no mutating endpoint invoked by this audit.
ROUTE-094,API_ROUTE,/api/integrations/meta/connect,src/app/api/integrations/meta/connect/route.ts,SOURCE_DEFINED,authenticated/contextual,route-level validation and proxy context; exact guard in source,read or contextual mutation,CONFIRMED,C,File content mapped; no mutating endpoint invoked by this audit.
ROUTE-095,API_ROUTE,/api/integrations/meta/selections,src/app/api/integrations/meta/selections/route.ts,SOURCE_DEFINED,authenticated/contextual,route-level validation and proxy context; exact guard in source,read or contextual mutation,CONFIRMED,C,File content mapped; no mutating endpoint invoked by this audit.
ROUTE-096,API_ROUTE,/api/integrations/meta/status,src/app/api/integrations/meta/status/route.ts,SOURCE_DEFINED,authenticated/contextual,route-level validation and proxy context; exact guard in source,read or contextual mutation,CONFIRMED,C,File content mapped; no mutating endpoint invoked by this audit.
ROUTE-097,API_ROUTE,/api/integrations/meta/sync,src/app/api/integrations/meta/sync/route.ts,SOURCE_DEFINED,authenticated/contextual,route-level validation and proxy context; exact guard in source,potential external or data mutation,CONFIRMED,C,File content mapped; no mutating endpoint invoked by this audit.
ROUTE-098,API_ROUTE,/api/internal/qa-auth-session,src/app/api/internal/qa-auth-session/route.ts,SOURCE_DEFINED,internal bearer secret,route-level validation and proxy context; exact guard in source,read or contextual mutation,CONFIRMED,C,File content mapped; no mutating endpoint invoked by this audit.
ROUTE-099,API_ROUTE,/api/internal/stripe-test-proof,src/app/api/internal/stripe-test-proof/route.ts,SOURCE_DEFINED,internal bearer secret,route-level validation and proxy context; exact guard in source,read or contextual mutation,CONFIRMED,C,File content mapped; no mutating endpoint invoked by this audit.
ROUTE-100,API_ROUTE,/api/internal/system-jobs,src/app/api/internal/system-jobs/route.ts,SOURCE_DEFINED,internal bearer secret,route-level validation and proxy context; exact guard in source,read or contextual mutation,CONFIRMED,C,File content mapped; no mutating endpoint invoked by this audit.
ROUTE-101,API_ROUTE,/api/lead-capture,src/app/api/lead-capture/route.ts,SOURCE_DEFINED,public ingress,route-level validation and proxy context; exact guard in source,potential external or data mutation,CONFIRMED,C,File content mapped; no mutating endpoint invoked by this audit.
ROUTE-102,API_ROUTE,/api/meta/data-deletion,src/app/api/meta/data-deletion/route.ts,SOURCE_DEFINED,provider/public ingress with route validation,route-level validation and proxy context; exact guard in source,read or contextual mutation,CONFIRMED,C,File content mapped; no mutating endpoint invoked by this audit.
ROUTE-103,API_ROUTE,/api/onboarding/plan,src/app/api/onboarding/plan/route.ts,SOURCE_DEFINED,authenticated/contextual,route-level validation and proxy context; exact guard in source,read or contextual mutation,CONFIRMED,C,File content mapped; no mutating endpoint invoked by this audit.
ROUTE-104,API_ROUTE,/api/sales-copilot/analyze,src/app/api/sales-copilot/analyze/route.ts,SOURCE_DEFINED,authenticated/contextual,route-level validation and proxy context; exact guard in source,read or contextual mutation,CONFIRMED,C,File content mapped; no mutating endpoint invoked by this audit.
ROUTE-105,API_ROUTE,/api/sms/twilio,src/app/api/sms/twilio/route.ts,SOURCE_DEFINED,provider/public ingress with route validation,route-level validation and proxy context; exact guard in source,read or contextual mutation,CONFIRMED,C,File content mapped; no mutating endpoint invoked by this audit.
ROUTE-106,API_ROUTE,/api/stripe/webhook,src/app/api/stripe/webhook/route.ts,SOURCE_DEFINED,provider/public ingress with route validation,route-level validation and proxy context; exact guard in source,potential external or data mutation,CONFIRMED,C,File content mapped; no mutating endpoint invoked by this audit.
ROUTE-107,API_ROUTE,/api/support/ticket,src/app/api/support/ticket/route.ts,SOURCE_DEFINED,authenticated/contextual,route-level validation and proxy context; exact guard in source,potential external or data mutation,CONFIRMED,C,File content mapped; no mutating endpoint invoked by this audit.
ROUTE-108,API_ROUTE,/api/system-jobs/:id/stream,src/app/api/system-jobs/[id]/stream/route.ts,SOURCE_DEFINED,authenticated/contextual,route-level validation and proxy context; exact guard in source,read or contextual mutation,CONFIRMED,C,File content mapped; no mutating endpoint invoked by this audit.
ROUTE-109,API_ROUTE,/api/system-jobs,src/app/api/system-jobs/route.ts,SOURCE_DEFINED,authenticated/contextual,route-level validation and proxy context; exact guard in source,read or contextual mutation,CONFIRMED,C,File content mapped; no mutating endpoint invoked by this audit.
ROUTE-110,API_ROUTE,/api/webhooks/twilio/status,src/app/api/webhooks/twilio/status/route.ts,SOURCE_DEFINED,provider/public ingress with route validation,route-level validation and proxy context; exact guard in source,potential external or data mutation,CONFIRMED,C,File content mapped; no mutating endpoint invoked by this audit.
ROUTE-111,OPERATOR_OR_TEST_ENTRYPOINT,n/a,scripts/audit-static-creative-storage-backfill.mjs,CLI,local operator/CI,explicit command,inspection or validation; still not executed,SKIPPED_SAFETY,C,Presence and source role mapped; execution pass state NOT_PROVEN.
ROUTE-112,OPERATOR_OR_TEST_ENTRYPOINT,n/a,scripts/check-campaign-plan-write-paths.mjs,CLI,local operator/CI,explicit command,inspection or validation; still not executed,SKIPPED_SAFETY,C,Presence and source role mapped; execution pass state NOT_PROVEN.
ROUTE-113,OPERATOR_OR_TEST_ENTRYPOINT,n/a,scripts/check-operator-debt.mjs,CLI,local operator/CI,explicit command,inspection or validation; still not executed,SKIPPED_SAFETY,C,Presence and source role mapped; execution pass state NOT_PROVEN.
ROUTE-114,OPERATOR_OR_TEST_ENTRYPOINT,n/a,scripts/check-required-schema.mjs,CLI,local operator/CI,explicit command,inspection or validation; still not executed,SKIPPED_SAFETY,C,Presence and source role mapped; execution pass state NOT_PROVEN.
ROUTE-115,OPERATOR_OR_TEST_ENTRYPOINT,n/a,scripts/check-rls-cross-tenant.mjs,CLI,local operator/CI,explicit command,inspection or validation; still not executed,SKIPPED_SAFETY,C,Presence and source role mapped; execution pass state NOT_PROVEN.
ROUTE-116,OPERATOR_OR_TEST_ENTRYPOINT,n/a,scripts/check-route-security.mjs,CLI,local operator/CI,explicit command,inspection or validation; still not executed,SKIPPED_SAFETY,C,Presence and source role mapped; execution pass state NOT_PROVEN.
ROUTE-117,OPERATOR_OR_TEST_ENTRYPOINT,n/a,scripts/check-tenant-isolation.mjs,CLI,local operator/CI,explicit command,inspection or validation; still not executed,SKIPPED_SAFETY,C,Presence and source role mapped; execution pass state NOT_PROVEN.
ROUTE-118,OPERATOR_OR_TEST_ENTRYPOINT,n/a,scripts/create-supabase-logical-backup.mjs,CLI,local operator/CI,explicit command,potential writes/network; not executed,SKIPPED_SAFETY,C,Presence and source role mapped; execution pass state NOT_PROVEN.
ROUTE-119,OPERATOR_OR_TEST_ENTRYPOINT,n/a,scripts/job-observability.md,CLI,local operator/CI,explicit command,inspection or validation; still not executed,SKIPPED_SAFETY,C,Presence and source role mapped; execution pass state NOT_PROVEN.
ROUTE-120,OPERATOR_OR_TEST_ENTRYPOINT,n/a,scripts/load-test.mjs,CLI,local operator/CI,explicit command,potential writes/network; not executed,SKIPPED_SAFETY,C,Presence and source role mapped; execution pass state NOT_PROVEN.
ROUTE-121,OPERATOR_OR_TEST_ENTRYPOINT,n/a,scripts/meta-launch-idempotency-test.md,CLI,local operator/CI,explicit command,inspection or validation; still not executed,SKIPPED_SAFETY,C,Presence and source role mapped; execution pass state NOT_PROVEN.
ROUTE-122,OPERATOR_OR_TEST_ENTRYPOINT,n/a,scripts/outbound-copy/print-copy-os-checklist.mjs,CLI,local operator/CI,explicit command,inspection or validation; still not executed,SKIPPED_SAFETY,C,Presence and source role mapped; execution pass state NOT_PROVEN.
ROUTE-123,OPERATOR_OR_TEST_ENTRYPOINT,n/a,scripts/print-launch-validation-plan.mjs,CLI,local operator/CI,explicit command,inspection or validation; still not executed,SKIPPED_SAFETY,C,Presence and source role mapped; execution pass state NOT_PROVEN.
ROUTE-124,OPERATOR_OR_TEST_ENTRYPOINT,n/a,scripts/regress-media-buyer-integration.mjs,CLI,local operator/CI,explicit command,inspection or validation; still not executed,SKIPPED_SAFETY,C,Presence and source role mapped; execution pass state NOT_PROVEN.
ROUTE-125,OPERATOR_OR_TEST_ENTRYPOINT,n/a,scripts/repair-campaign-345-launch-state.mjs,CLI,local operator/CI,explicit command,potential writes/network; not executed,SKIPPED_SAFETY,C,Presence and source role mapped; execution pass state NOT_PROVEN.
ROUTE-126,OPERATOR_OR_TEST_ENTRYPOINT,n/a,scripts/repair-lead-notification-status-drift.mjs,CLI,local operator/CI,explicit command,potential writes/network; not executed,SKIPPED_SAFETY,C,Presence and source role mapped; execution pass state NOT_PROVEN.
ROUTE-127,OPERATOR_OR_TEST_ENTRYPOINT,n/a,scripts/resolve-known-operator-debt.mjs,CLI,local operator/CI,explicit command,potential writes/network; not executed,SKIPPED_SAFETY,C,Presence and source role mapped; execution pass state NOT_PROVEN.
ROUTE-128,OPERATOR_OR_TEST_ENTRYPOINT,n/a,scripts/revenue-command/run-evals.mjs,CLI,local operator/CI,explicit command,inspection or validation; still not executed,SKIPPED_SAFETY,C,Presence and source role mapped; execution pass state NOT_PROVEN.
ROUTE-129,OPERATOR_OR_TEST_ENTRYPOINT,n/a,scripts/run-marketing-studio-worker.mjs,CLI,local operator/CI,explicit command,potential writes/network; not executed,SKIPPED_SAFETY,C,Presence and source role mapped; execution pass state NOT_PROVEN.
ROUTE-130,OPERATOR_OR_TEST_ENTRYPOINT,n/a,scripts/run-rls-fixture-smoke.mjs,CLI,local operator/CI,explicit command,potential writes/network; not executed,SKIPPED_SAFETY,C,Presence and source role mapped; execution pass state NOT_PROVEN.
ROUTE-131,OPERATOR_OR_TEST_ENTRYPOINT,n/a,scripts/sales-copilot/run-evals.mjs,CLI,local operator/CI,explicit command,inspection or validation; still not executed,SKIPPED_SAFETY,C,Presence and source role mapped; execution pass state NOT_PROVEN.
ROUTE-132,OPERATOR_OR_TEST_ENTRYPOINT,n/a,scripts/sales-copilot/test-imports.mjs,CLI,local operator/CI,explicit command,inspection or validation; still not executed,SKIPPED_SAFETY,C,Presence and source role mapped; execution pass state NOT_PROVEN.
ROUTE-133,OPERATOR_OR_TEST_ENTRYPOINT,n/a,scripts/schema-deployment-checklist.md,CLI,local operator/CI,explicit command,inspection or validation; still not executed,SKIPPED_SAFETY,C,Presence and source role mapped; execution pass state NOT_PROVEN.
ROUTE-134,OPERATOR_OR_TEST_ENTRYPOINT,n/a,scripts/setup-click-to-scale-ghl.mjs,CLI,local operator/CI,explicit command,potential writes/network; not executed,SKIPPED_SAFETY,C,Presence and source role mapped; execution pass state NOT_PROVEN.
ROUTE-135,OPERATOR_OR_TEST_ENTRYPOINT,n/a,scripts/smoke-test-checklist.md,CLI,local operator/CI,explicit command,potential writes/network; not executed,SKIPPED_SAFETY,C,Presence and source role mapped; execution pass state NOT_PROVEN.
ROUTE-136,OPERATOR_OR_TEST_ENTRYPOINT,n/a,scripts/smoke-test-system.md,CLI,local operator/CI,explicit command,potential writes/network; not executed,SKIPPED_SAFETY,C,Presence and source role mapped; execution pass state NOT_PROVEN.
ROUTE-137,OPERATOR_OR_TEST_ENTRYPOINT,n/a,scripts/smoke-test.mjs,CLI,local operator/CI,explicit command,potential writes/network; not executed,SKIPPED_SAFETY,C,Presence and source role mapped; execution pass state NOT_PROVEN.
ROUTE-138,OPERATOR_OR_TEST_ENTRYPOINT,n/a,scripts/sync-meta-tracking-readiness.mjs,CLI,local operator/CI,explicit command,potential writes/network; not executed,SKIPPED_SAFETY,C,Presence and source role mapped; execution pass state NOT_PROVEN.
ROUTE-139,OPERATOR_OR_TEST_ENTRYPOINT,n/a,scripts/tenant-isolation-smoke.md,CLI,local operator/CI,explicit command,potential writes/network; not executed,SKIPPED_SAFETY,C,Presence and source role mapped; execution pass state NOT_PROVEN.
ROUTE-140,OPERATOR_OR_TEST_ENTRYPOINT,n/a,scripts/test-activation-telemetry.mjs,CLI,local operator/CI,explicit command,inspection or validation; still not executed,SKIPPED_SAFETY,C,Presence and source role mapped; execution pass state NOT_PROVEN.
ROUTE-141,OPERATOR_OR_TEST_ENTRYPOINT,n/a,scripts/test-billing-recovery.mjs,CLI,local operator/CI,explicit command,inspection or validation; still not executed,SKIPPED_SAFETY,C,Presence and source role mapped; execution pass state NOT_PROVEN.
ROUTE-142,OPERATOR_OR_TEST_ENTRYPOINT,n/a,scripts/test-campaign-345-state-repair.mjs,CLI,local operator/CI,explicit command,potential writes/network; not executed,SKIPPED_SAFETY,C,Presence and source role mapped; execution pass state NOT_PROVEN.
ROUTE-143,OPERATOR_OR_TEST_ENTRYPOINT,n/a,scripts/test-campaign-value-report.mjs,CLI,local operator/CI,explicit command,inspection or validation; still not executed,SKIPPED_SAFETY,C,Presence and source role mapped; execution pass state NOT_PROVEN.
ROUTE-144,OPERATOR_OR_TEST_ENTRYPOINT,n/a,scripts/test-click-to-scale-ghl.mjs,CLI,local operator/CI,explicit command,inspection or validation; still not executed,SKIPPED_SAFETY,C,Presence and source role mapped; execution pass state NOT_PROVEN.
ROUTE-145,OPERATOR_OR_TEST_ENTRYPOINT,n/a,scripts/test-client-error-telemetry.mjs,CLI,local operator/CI,explicit command,inspection or validation; still not executed,SKIPPED_SAFETY,C,Presence and source role mapped; execution pass state NOT_PROVEN.
ROUTE-146,OPERATOR_OR_TEST_ENTRYPOINT,n/a,scripts/test-creative-chat-intake.mjs,CLI,local operator/CI,explicit command,inspection or validation; still not executed,SKIPPED_SAFETY,C,Presence and source role mapped; execution pass state NOT_PROVEN.
ROUTE-147,OPERATOR_OR_TEST_ENTRYPOINT,n/a,scripts/test-creative-media-readiness.mjs,CLI,local operator/CI,explicit command,inspection or validation; still not executed,SKIPPED_SAFETY,C,Presence and source role mapped; execution pass state NOT_PROVEN.
ROUTE-148,OPERATOR_OR_TEST_ENTRYPOINT,n/a,scripts/test-customer-success-layer.mjs,CLI,local operator/CI,explicit command,inspection or validation; still not executed,SKIPPED_SAFETY,C,Presence and source role mapped; execution pass state NOT_PROVEN.
ROUTE-149,OPERATOR_OR_TEST_ENTRYPOINT,n/a,scripts/test-direct-response-funnels.mjs,CLI,local operator/CI,explicit command,inspection or validation; still not executed,SKIPPED_SAFETY,C,Presence and source role mapped; execution pass state NOT_PROVEN.
ROUTE-150,OPERATOR_OR_TEST_ENTRYPOINT,n/a,scripts/test-higgsfield-provider-selection.mjs,CLI,local operator/CI,explicit command,inspection or validation; still not executed,SKIPPED_SAFETY,C,Presence and source role mapped; execution pass state NOT_PROVEN.
ROUTE-151,OPERATOR_OR_TEST_ENTRYPOINT,n/a,scripts/test-internal-sms-notifications.mjs,CLI,local operator/CI,explicit command,inspection or validation; still not executed,SKIPPED_SAFETY,C,Presence and source role mapped; execution pass state NOT_PROVEN.
ROUTE-152,OPERATOR_OR_TEST_ENTRYPOINT,n/a,scripts/test-launch-budget-tracking-safety.mjs,CLI,local operator/CI,explicit command,inspection or validation; still not executed,SKIPPED_SAFETY,C,Presence and source role mapped; execution pass state NOT_PROVEN.
ROUTE-153,OPERATOR_OR_TEST_ENTRYPOINT,n/a,scripts/test-lead-notification-status-normalization.mjs,CLI,local operator/CI,explicit command,inspection or validation; still not executed,SKIPPED_SAFETY,C,Presence and source role mapped; execution pass state NOT_PROVEN.
ROUTE-154,OPERATOR_OR_TEST_ENTRYPOINT,n/a,scripts/test-manual-creative-upload-validation.mjs,CLI,local operator/CI,explicit command,inspection or validation; still not executed,SKIPPED_SAFETY,C,Presence and source role mapped; execution pass state NOT_PROVEN.
ROUTE-155,OPERATOR_OR_TEST_ENTRYPOINT,n/a,scripts/test-marketing-studio-worker.mjs,CLI,local operator/CI,explicit command,potential writes/network; not executed,SKIPPED_SAFETY,C,Presence and source role mapped; execution pass state NOT_PROVEN.
ROUTE-156,OPERATOR_OR_TEST_ENTRYPOINT,n/a,scripts/test-media-buyer-framework.mjs,CLI,local operator/CI,explicit command,inspection or validation; still not executed,SKIPPED_SAFETY,C,Presence and source role mapped; execution pass state NOT_PROVEN.
ROUTE-157,OPERATOR_OR_TEST_ENTRYPOINT,n/a,scripts/test-media-buying-upgrades.mjs,CLI,local operator/CI,explicit command,inspection or validation; still not executed,SKIPPED_SAFETY,C,Presence and source role mapped; execution pass state NOT_PROVEN.
ROUTE-158,OPERATOR_OR_TEST_ENTRYPOINT,n/a,scripts/test-meta-app-state-drift.mjs,CLI,local operator/CI,explicit command,inspection or validation; still not executed,SKIPPED_SAFETY,C,Presence and source role mapped; execution pass state NOT_PROVEN.
ROUTE-159,OPERATOR_OR_TEST_ENTRYPOINT,n/a,scripts/test-offer-normalization.mjs,CLI,local operator/CI,explicit command,inspection or validation; still not executed,SKIPPED_SAFETY,C,Presence and source role mapped; execution pass state NOT_PROVEN.
ROUTE-160,OPERATOR_OR_TEST_ENTRYPOINT,n/a,scripts/test-provider-cost-watch.mjs,CLI,local operator/CI,explicit command,inspection or validation; still not executed,SKIPPED_SAFETY,C,Presence and source role mapped; execution pass state NOT_PROVEN.
ROUTE-161,OPERATOR_OR_TEST_ENTRYPOINT,n/a,scripts/test-provider-usage-idempotency-scope.mjs,CLI,local operator/CI,explicit command,inspection or validation; still not executed,SKIPPED_SAFETY,C,Presence and source role mapped; execution pass state NOT_PROVEN.
ROUTE-162,OPERATOR_OR_TEST_ENTRYPOINT,n/a,scripts/test-public-funnel-thank-you.mjs,CLI,local operator/CI,explicit command,inspection or validation; still not executed,SKIPPED_SAFETY,C,Presence and source role mapped; execution pass state NOT_PROVEN.
ROUTE-163,OPERATOR_OR_TEST_ENTRYPOINT,n/a,scripts/test-public-self-serve-acceptance-guards.mjs,CLI,local operator/CI,explicit command,inspection or validation; still not executed,SKIPPED_SAFETY,C,Presence and source role mapped; execution pass state NOT_PROVEN.
ROUTE-164,OPERATOR_OR_TEST_ENTRYPOINT,n/a,scripts/test-static-ad-templates.mjs,CLI,local operator/CI,explicit command,inspection or validation; still not executed,SKIPPED_SAFETY,C,Presence and source role mapped; execution pass state NOT_PROVEN.
ROUTE-165,OPERATOR_OR_TEST_ENTRYPOINT,n/a,scripts/test-static-creative-image-qa.mjs,CLI,local operator/CI,explicit command,inspection or validation; still not executed,SKIPPED_SAFETY,C,Presence and source role mapped; execution pass state NOT_PROVEN.
ROUTE-166,OPERATOR_OR_TEST_ENTRYPOINT,n/a,scripts/test-static-creative-storage-normalization.mjs,CLI,local operator/CI,explicit command,inspection or validation; still not executed,SKIPPED_SAFETY,C,Presence and source role mapped; execution pass state NOT_PROVEN.
ROUTE-167,OPERATOR_OR_TEST_ENTRYPOINT,n/a,scripts/test-stripe-price-guard.mjs,CLI,local operator/CI,explicit command,inspection or validation; still not executed,SKIPPED_SAFETY,C,Presence and source role mapped; execution pass state NOT_PROVEN.
ROUTE-168,OPERATOR_OR_TEST_ENTRYPOINT,n/a,scripts/test-subscription-lifecycle.mjs,CLI,local operator/CI,explicit command,inspection or validation; still not executed,SKIPPED_SAFETY,C,Presence and source role mapped; execution pass state NOT_PROVEN.
ROUTE-169,OPERATOR_OR_TEST_ENTRYPOINT,n/a,scripts/test-support-freshdesk.mjs,CLI,local operator/CI,explicit command,inspection or validation; still not executed,SKIPPED_SAFETY,C,Presence and source role mapped; execution pass state NOT_PROVEN.
ROUTE-170,OPERATOR_OR_TEST_ENTRYPOINT,n/a,scripts/test-video-generation-safety.mjs,CLI,local operator/CI,explicit command,inspection or validation; still not executed,SKIPPED_SAFETY,C,Presence and source role mapped; execution pass state NOT_PROVEN.
ROUTE-171,OPERATOR_OR_TEST_ENTRYPOINT,n/a,scripts/validate-campaign-plan-document.mjs,CLI,local operator/CI,explicit command,inspection or validation; still not executed,SKIPPED_SAFETY,C,Presence and source role mapped; execution pass state NOT_PROVEN.
ROUTE-172,MIDDLEWARE,global matcher,src/proxy.ts,request interception,all matched requests,Next.js proxy matcher,"redirects, headers, cookies/context",CONFIRMED,C,Security matcher and header behavior inspected.
ROUTE-173,CRON,/api/internal/system-jobs,vercel.json,GET every minute,Vercel cron/internal secret,cron schedule plus bearer authorization,claims and executes queued work,CONFIRMED,C,Deployment config and handler mapped; live scheduler execution NOT_PROVEN.
