id,source_agent_id,family,route_surfaces,actors_and_prerequisites,trigger,downstream_consequence,mutation_classification,truth_status,proof_tier,key_evidence,reverse_trace
UIA-001,UIA-600,"Marketing navigation, CTA, and showcase selection",homepage / and SEO marketing surfaces,anonymous; public route; JavaScript for analytics/showcase state,"click CTA, sign-in link, hash link, or cockpit/engine selector",navigate to auth/section or change local showcase state; CTA clicks may record Vercel analytics,navigation_or_analytics,SOURCE_PROVEN,C,/Users/raiaanreza/Documents/dealflow-os-homepage/src/components/marketing/home-command-center.tsx:683,"navigate to auth/section or change local showcase state; CTA clicks may record Vercel analytics <- click CTA, sign-in link, hash link, or cockpit/engine selector <- homepage / and SEO marketing surfaces"
UIA-002,UIA-601,Authentication mode switch,/login and embedded login form,anonymous; login form rendered,select Sign in or Create account,client-only mode and visible-field change,client_only,SOURCE_PROVEN,C,/Users/raiaanreza/Documents/New project/dealflow-os-rebuild/src/components/auth/login-form.tsx:354,client-only mode and visible-field change <- select Sign in or Create account <- /login and embedded login form
UIA-003,UIA-602,Credential sign-in or signup submit,/login,Supabase client configured; required fields; optional Turnstile,submit credential form in sign-in or sign-up mode,auth/session request; signup can create user and verification communication,external_mutation,SKIPPED_SAFETY,C,/Users/raiaanreza/Documents/New project/dealflow-os-rebuild/src/components/auth/login-form.tsx:379,auth/session request; signup can create user and verification communication <- submit credential form in sign-in or sign-up mode <- /login
UIA-004,UIA-603,Password reset or update,/login,Supabase configured; reset or update mode,submit email reset request or new password,can send reset communication or change credential,external_mutation,SKIPPED_SAFETY,C,/Users/raiaanreza/Documents/New project/dealflow-os-rebuild/src/components/auth/login-form.tsx:425,can send reset communication or change credential <- submit email reset request or new password <- /login
UIA-005,UIA-604,Google OAuth start,/login,Google auth enabled; Supabase configured,click Continue with Google,OAuth redirect/session flow; provider and browser state,external_mutation,SKIPPED_SAFETY,C,/Users/raiaanreza/Documents/New project/dealflow-os-rebuild/src/components/auth/login-form.tsx:500,OAuth redirect/session flow; provider and browser state <- click Continue with Google <- /login
UIA-006,UIA-605,Desktop product and internal navigation,authenticated app shell,authenticated user; internal links additionally require internal operator,click sidebar route,navigate while preserving campaignId query when present,navigation,SOURCE_PROVEN,C,/Users/raiaanreza/Documents/New project/dealflow-os-rebuild/src/components/layout/sidebar.tsx:43,navigate while preserving campaignId query when present <- click sidebar route <- authenticated app shell
UIA-007,UIA-606,Mobile navigation and settings,authenticated app shell,authenticated user; route below lg for mobile nav,click mobile nav or settings icon,navigate to scoped product route or settings,navigation,SOURCE_PROVEN,C,/Users/raiaanreza/Documents/New project/dealflow-os-rebuild/src/components/layout/top-bar.tsx:67,navigate to scoped product route or settings <- click mobile nav or settings icon <- authenticated app shell
UIA-008,UIA-607,Sign out,authenticated app shell,authenticated session,click Sign out,auth session invalidation and redirect,external_mutation,SKIPPED_SAFETY,C,/Users/raiaanreza/Documents/New project/dealflow-os-rebuild/src/components/layout/sign-out-button.tsx:37,auth session invalidation and redirect <- click Sign out <- authenticated app shell
UIA-009,UIA-608,Onboarding campaign-mode and step choices,/onboarding,authenticated user; onboarding client hydrated,choose campaign type or advance/back between permitted steps,client draft and step-state change; may emit activation event,browser_and_telemetry_mutation,SKIPPED_SAFETY,C,/Users/raiaanreza/Documents/New project/dealflow-os-rebuild/src/app/(app)/onboarding/page.tsx:837,client draft and step-state change; may emit activation event <- choose campaign type or advance/back between permitted steps <- /onboarding
UIA-010,UIA-609,Onboarding field editing,/onboarding,authenticated user; current step exposes fields,"edit market, property, offer, agent, or contact fields",client draft change and automatic localStorage persistence,browser_state_mutation,SKIPPED_SAFETY,C,/Users/raiaanreza/Documents/New project/dealflow-os-rebuild/src/app/(app)/onboarding/page.tsx:874,"client draft change and automatic localStorage persistence <- edit market, property, offer, agent, or contact fields <- /onboarding"
UIA-011,UIA-610,Onboarding plan selection,/onboarding,plan step visible; existing launch access may skip it,select Starter or Pro presentation,draft plan tier changes and later checkout/creative routing changes,browser_state_mutation,SKIPPED_SAFETY,C,/Users/raiaanreza/Documents/New project/dealflow-os-rebuild/src/app/(app)/onboarding/page.tsx:1059,draft plan tier changes and later checkout/creative routing changes <- select Starter or Pro presentation <- /onboarding
UIA-012,UIA-611,Automatic onboarding persistence and telemetry,/onboarding,route mounted and hydrated,automatic effects on load and draft/step change,remove/read/write localStorage and POST activation telemetry,automatic_mutation,SKIPPED_SAFETY,C,/Users/raiaanreza/Documents/New project/dealflow-os-rebuild/src/app/(app)/onboarding/page.tsx:579,remove/read/write localStorage and POST activation telemetry <- automatic effects on load and draft/step change <- /onboarding
UIA-013,UIA-612,Onboarding plan save and continue,/onboarding,validated draft; authenticated workspace; campaign slot policy,continue from final review,"POST onboarding plan, persist campaign, then route to creatives or paywall",database_mutation,SKIPPED_SAFETY,C,/Users/raiaanreza/Documents/New project/dealflow-os-rebuild/src/app/(app)/onboarding/page.tsx:739,"POST onboarding plan, persist campaign, then route to creatives or paywall <- continue from final review <- /onboarding"
UIA-014,UIA-613,Builder workflow navigation,/builder,authenticated; setup-complete profile; accessible campaign,"back, next, step tab, or scoped route link",change builder panel or navigate to preview/build surface,navigation_or_client_state,SOURCE_PROVEN,C,/Users/raiaanreza/Documents/New project/dealflow-os-rebuild/src/components/campaign/builder/builder-navigation.tsx:51,"change builder panel or navigate to preview/build surface <- back, next, step tab, or scoped route link <- /builder"
UIA-015,UIA-614,Builder copy generation and application,/builder,campaign draft; copy inputs; generation service/config as applicable,"generate copy, select variation, or apply alternative",provider/domain request and draft content change,provider_or_database_mutation,SKIPPED_SAFETY,C,/Users/raiaanreza/Documents/New project/dealflow-os-rebuild/src/components/campaign/builder/builder-panels.tsx:725,"provider/domain request and draft content change <- generate copy, select variation, or apply alternative <- /builder"
UIA-016,UIA-615,Funnel section editing,/builder,advanced funnel editor; selected section,"add, select, duplicate, remove, reset, reorder, or edit section",client draft/history change; later campaign save persists it,client_then_database_mutation,SKIPPED_SAFETY,C,/Users/raiaanreza/Documents/New project/dealflow-os-rebuild/src/components/campaign/builder/builder-panels.tsx:1198,"client draft/history change; later campaign save persists it <- add, select, duplicate, remove, reset, reorder, or edit section <- /builder"
UIA-017,UIA-616,Creative and funnel media upload,/builder,file selected; MIME/size validation; authenticated campaign,activate hidden file input and select image/video,upload/storage and asset-record intent,storage_and_database_mutation,SKIPPED_SAFETY,C,/Users/raiaanreza/Documents/New project/dealflow-os-rebuild/src/components/campaign/builder/builder-panels.tsx:1098,upload/storage and asset-record intent <- activate hidden file input and select image/video <- /builder
UIA-018,UIA-617,Asset bind or delete,/builder,asset library loaded; selected funnel section,bind asset/thumbnail or delete asset,section binding update or storage/database deletion intent,storage_and_database_mutation,SKIPPED_SAFETY,C,/Users/raiaanreza/Documents/New project/dealflow-os-rebuild/src/components/campaign/builder/builder-panels.tsx:1758,section binding update or storage/database deletion intent <- bind asset/thumbnail or delete asset <- /builder
UIA-019,UIA-618,Section AI rewrite actions,/builder,selected editable section; AI action available; provider config,"choose rewrite, shorter, stronger CTA, luxury, or direct response",AI/provider request and draft text replacement,provider_or_database_mutation,SKIPPED_SAFETY,C,/Users/raiaanreza/Documents/New project/dealflow-os-rebuild/src/components/campaign/builder/builder-panels.tsx:1888,"AI/provider request and draft text replacement <- choose rewrite, shorter, stronger CTA, luxury, or direct response <- /builder"
UIA-020,UIA-619,Campaign save,/builder,campaign name and draft valid; authenticated context,click Save campaign,campaign/database persistence and returned campaignId,database_mutation,SKIPPED_SAFETY,C,/Users/raiaanreza/Documents/New project/dealflow-os-rebuild/src/components/campaign/builder/builder-panels.tsx:2247,campaign/database persistence and returned campaignId <- click Save campaign <- /builder
UIA-021,UIA-620,Builder preview-tab and preview navigation,/builder,campaign draft; saved campaignId for scoped preview,switch funnel/ads/assets tab or open Preview,client preview mode change or route navigation,navigation_or_client_state,SOURCE_PROVEN,C,/Users/raiaanreza/Documents/New project/dealflow-os-rebuild/src/components/campaign/builder/builder-panels.tsx:2255,client preview mode change or route navigation <- switch funnel/ads/assets tab or open Preview <- /builder
UIA-022,UIA-621,Preview tabs and media generation,/preview,authenticated; resolvable campaign; generation gates/config for generate action,select preview tab or generate static assets,client tab state or paid/provider generation request,provider_mutation,SKIPPED_SAFETY,C,/Users/raiaanreza/Documents/New project/dealflow-os-rebuild/src/components/campaign/campaign-preview-review.tsx:431,client tab state or paid/provider generation request <- select preview tab or generate static assets <- /preview
UIA-023,UIA-622,Funnel publication state,builder/publication panel,authenticated; campaign and slug; publish authorization,"set draft, staged, or published",persist funnel publication state and public reachability,database_and_publication_mutation,SKIPPED_SAFETY,C,/Users/raiaanreza/Documents/New project/dealflow-os-rebuild/src/components/campaign/campaign-publish-panel.tsx:267,"persist funnel publication state and public reachability <- set draft, staged, or published <- builder/publication panel"
UIA-024,UIA-623,Meta asset selection and save,/launch,billing/campaign context; connected Meta account and loaded assets,select account/page/pixel and save selections,persist tenant-scoped Meta selections; refresh may call provider,provider_and_database_mutation,SKIPPED_SAFETY,C,/Users/raiaanreza/Documents/New project/dealflow-os-rebuild/src/components/campaign/launch/launch-meta-selection-panel.tsx:168,persist tenant-scoped Meta selections; refresh may call provider <- select account/page/pixel and save selections <- /launch
UIA-025,UIA-624,Launch or connect-account action,/launch,campaign; billing access; creative/media readiness; Meta readiness; provider launch flag,click connect or launch/setup CTA,OAuth start or paused/live Meta object creation intent,provider_and_external_mutation,SKIPPED_SAFETY,C,/Users/raiaanreza/Documents/New project/dealflow-os-rebuild/src/components/campaign/launch/launch-sections.tsx:181,OAuth start or paused/live Meta object creation intent <- click connect or launch/setup CTA <- /launch
UIA-026,UIA-625,Launch budget editing and sync,/launch,campaign and Meta connection; numeric bounds; sync authorization,"edit budget, save preset, or sync provider state",persist budget or read/write synchronization with Meta,provider_or_database_mutation,SKIPPED_SAFETY,C,/Users/raiaanreza/Documents/New project/dealflow-os-rebuild/src/components/campaign/launch/launch-detail-panels.tsx:182,"persist budget or read/write synchronization with Meta <- edit budget, save preset, or sync provider state <- /launch"
UIA-027,UIA-626,Launch draft/action approval or dismissal,/launch,operator-visible draft or queued action,approve or dismiss item,persist approval status; approved work may become externally actionable,database_or_provider_mutation,SKIPPED_SAFETY,C,/Users/raiaanreza/Documents/New project/dealflow-os-rebuild/src/components/campaign/launch/launch-detail-panels.tsx:524,persist approval status; approved work may become externally actionable <- approve or dismiss item <- /launch
UIA-028,UIA-627,"Billing checkout, credit top-up, or portal",/paywall and /settings,authenticated; campaign where required; Stripe configuration; billing state,click checkout/top-up/portal button,create Stripe-hosted session and mutate browser/provider billing flow,billing_external_mutation,SKIPPED_SAFETY,C,/Users/raiaanreza/Documents/New project/dealflow-os-rebuild/src/components/billing/checkout-button.tsx:52,create Stripe-hosted session and mutate browser/provider billing flow <- click checkout/top-up/portal button <- /paywall and /settings
UIA-029,UIA-628,Cancellation intent,/settings,authenticated; active Stripe customer/subscription as applicable,"select reason, add detail, continue or skip",persist cancellation intent and/or continue to Stripe portal,billing_and_database_mutation,SKIPPED_SAFETY,C,/Users/raiaanreza/Documents/New project/dealflow-os-rebuild/src/components/billing/cancellation-intent-form.tsx:78,"persist cancellation intent and/or continue to Stripe portal <- select reason, add detail, continue or skip <- /settings"
UIA-030,UIA-629,Dashboard autonomy mode and cycle,/dashboard,authenticated campaign; plan entitlement; automation gates,select autonomy mode or run cycle,persist autonomy setting or enqueue/execute optimization cycle,database_and_provider_mutation,SKIPPED_SAFETY,C,/Users/raiaanreza/Documents/New project/dealflow-os-rebuild/src/components/dashboard/autonomy-mode-control.tsx:95,persist autonomy setting or enqueue/execute optimization cycle <- select autonomy mode or run cycle <- /dashboard
UIA-031,UIA-630,Dashboard Meta status refresh,/dashboard and launch-success,authenticated campaign; Meta mapping/connection,click refresh or recheck,provider read/sync with possible local status persistence,provider_and_database_mutation,SKIPPED_SAFETY,C,/Users/raiaanreza/Documents/New project/dealflow-os-rebuild/src/components/dashboard/meta-sync-refresh-button.tsx:35,provider read/sync with possible local status persistence <- click refresh or recheck <- /dashboard and launch-success
UIA-032,UIA-631,Support request submit,authenticated app shell,widget open; category/message valid; support integration configured,submit support request,create support/provider record or message,communication_external_mutation,SKIPPED_SAFETY,C,/Users/raiaanreza/Documents/New project/dealflow-os-rebuild/src/components/layout/support-widget.tsx:155,create support/provider record or message <- submit support request <- authenticated app shell
UIA-033,UIA-632,Feedback submit,authenticated app shell,widget open; feedback fields valid,submit feedback,persist/send feedback record,communication_or_database_mutation,SKIPPED_SAFETY,C,/Users/raiaanreza/Documents/New project/dealflow-os-rebuild/src/components/layout/feedback-widget.tsx:97,persist/send feedback record <- submit feedback <- authenticated app shell
UIA-034,UIA-633,Public funnel lead capture,/f/[slug],public funnel exists; billing permits capture; required fields/consent valid,submit lead form,"create lead, assignment/notification/CRM intents",database_and_communication_mutation,SKIPPED_SAFETY,C,/Users/raiaanreza/Documents/New project/dealflow-os-rebuild/src/app/f/[slug]/lead-capture-form.tsx:260,"create lead, assignment/notification/CRM intents <- submit lead form <- /f/[slug]"
UIA-035,UIA-634,Customer video controls,preview/funnel media surfaces,customer-safe video available,"play/pause, mute/unmute, or fullscreen",client media state/fullscreen only,client_only,SOURCE_PROVEN,C,/Users/raiaanreza/Documents/New project/dealflow-os-rebuild/src/components/campaign/customer-video-player.tsx:92,"client media state/fullscreen only <- play/pause, mute/unmute, or fullscreen <- preview/funnel media surfaces"
UIA-036,UIA-635,Creative/video modal open and close,creative preview surfaces,preview asset exists,open overlay; click close/backdrop,client overlay state; no persistence intended,client_only,SOURCE_PROVEN,C,/Users/raiaanreza/Documents/New project/dealflow-os-rebuild/src/components/campaign/static-creative-preview-card.tsx:109,client overlay state; no persistence intended <- open overlay; click close/backdrop <- creative preview surfaces
UIA-037,UIA-636,"Admin brief, copy, export, and navigation","/admin/command-center, /admin/issues, /admin/launch-monitor",authenticated internal operator,"brief, copy prompt/URL, export/download, or navigate to campaign",client clipboard/download/navigation; page load reads privileged operational data,privileged_client_action,SKIPPED_SAFETY,C,/Users/raiaanreza/Documents/New project/dealflow-os-rebuild/src/app/(app)/admin/command-center/command-center-console.tsx:319,"client clipboard/download/navigation; page load reads privileged operational data <- brief, copy prompt/URL, export/download, or navigate to campaign <- /admin/command-center, /admin/issues, /admin/launch-monitor"
UIA-038,UIA-637,Growth mission and Sales Copilot analysis/import,/growth-agent/* and /sales-copilot/*,authenticated internal operator; inputs/import file; relevant service availability,"build mission, analyze conversation, or import reference content",generate internal artifact/analysis; may call API and persist or consume model quota,internal_database_or_provider_mutation,SKIPPED_SAFETY,C,/Users/raiaanreza/Documents/New project/dealflow-os-rebuild/src/app/(app)/growth-agent/_components/revenue-command-workbench.tsx:72,"generate internal artifact/analysis; may call API and persist or consume model quota <- build mission, analyze conversation, or import reference content <- /growth-agent/* and /sales-copilot/*"
UIA-039,UIA-638,"Legacy/internal OS commands, navigation, import/export, and local forms",New project 3 /,session loaded; role can access selected view; local storage driver available,"navigate views, preview/apply command, import/export JSON, edit internal records",automatic and manual local/remote storage mutation; optional API plan request,browser_and_storage_mutation,SKIPPED_SAFETY,C,/Users/raiaanreza/Documents/New project 3/app/page.tsx:123,"automatic and manual local/remote storage mutation; optional API plan request <- navigate views, preview/apply command, import/export JSON, edit internal records <- New project 3 /"
